SQRP SY2019 Individual Indicator Scores (Based on 2017-2018 Data),,,,,,,PSAT and SAT  Indicators,,,,,,,,,,,,,,,,,,,,,,,,,,,,,,,,,,,,,,,,,,,High School Graduation Indicators,,,,,,,,,College and Career Readiness Indiciators,,,,,,,,,Other Indicators,,,,,,,,,,,,,,,,,,,,,,,,,,,,,,,,,,,,,,,,,,,,,,,,,,,,,,,,,,,,,,,,,,,,,,,,,,,,,,,,,,,,,,,,,,,,,
School ID,School Name,Network ,SQRP Total Points Earned,SY 2018-2019 SQRP Rating,SY 2018-2019 Accountability Status,PSAT09 Cohort Growth Percentile,,,,PSAT10 EBRW Annual Growth Percentile,,,,PSAT10 MATH Annual Growth Percentile,,,,SAT11 EBRW Annual Growth Percentile,,,,SAT11 MATH Annual Growth Percentile,,,,SAT11 Cohort Growth Percentile,,,,"SAT11 African-American
 Cohort Growth  Percentile ",,,,"SAT11 Hispanic
 Cohort Growth  Percentile ",,,,"SAT11 English Learner
 Cohort Growth  Percentile ",,,,"SAT11 Diverse Learner
 Cohort Growth  Percentile ",,,,Percent Meeting College Readiness Benchmarks,,,,Freshmen On-Track Rate,,,4-Year Cohort Graduation Rate,,,1-Year Dropout Rate,,,College Enrollment Rate,,,College Persistence Rate,,,% Earning Early College and Career Credentials,,,Average Daily Attendance Rate,,,"My Voice, My School 5 Essentials Survey ",,,Data Quality Index Score,,,,,,,,,,,,,,,,,,,,,,,,,,,,,,,,,,,,,,,,,,,,,,,,,,,,,,,,,,,,,,,,,,,,,,,,,,,,,,,,,,,,,,,
,,,,,,Score,Part. Rate,Points,Weight,Score,Part. Rate,Points,Weight,Score,Part. Rate,Points,Weight,Score,Part. Rate,Points,Weight,Score,Part. Rate,Points,Weight,Score,Part. Rate,Points,Weight,Score,Part. Rate,Points,Weight,Score,Part. Rate,Points,Weight,Score,Part. Rate,Points,Weight,Score,Part. Rate,Points,Weight,Score,Part. Rate,Points,Weight,Score ,Points,Weight,Score ,Points,Weight,Score ,Points,Weight,Score ,Points,Weight,Score ,Points,Weight,Score ,Points,Weight,Score ,Points,Weight,Score ,Points,Weight,Score ,Points,Weight,,,,,,,,,,,,,,,,,,,,,,,,,,,,,,,,,,,,,,,,,,,,,,,,,,,,,,,,,,,,,,,,,,,,,,,,,,,,,,,,,,,,,
400010,ACE TECH HS,Charter,2.1,Level 2,Not Applicable,3,75,1,3.33,82,68,1,1.67,16,68,1,1.67,50,95,3,1.67,27,95,2,1.67,5,95,1,17.5,4,95,1,2.5,,,,,,,,,,,,,7.6,78,1,10,56.8,1,10,68.2,3,10,7,2,5,49.3,2,5,46.5,1,5,8.3,1,5,91.8,4,10,Well Organized,5,5,99.9,5,5,,,,,,,,,,,,,,,,,,,,,,,,,,,,,,,,,,,,,,,,,,,,,,,,,,,,,,,,,,,,,,,,,,,,,,,,,,,,,,,,,,,,,
400013,ASPIRA - EARLY COLLEGE HS,Charter,3.1,Level 2+,Not Applicable,40,97,3,3.33,50,98,3,1.67,31,98,2,1.67,50,98,3,1.67,37,98,2,1.67,33,98,2,17.5,,,,,30,99,3,2.5,,,,,,,,,16.7,98,1,10,90.5,5,10,68.1,3,10,5.8,3,5,53.8,2,5,64.9,2,5,45.7,5,5,90.2,4,10,Well Organized,5,5,100,5,5,,,,,,,,,,,,,,,,,,,,,,,,,,,,,,,,,,,,,,,,,,,,,,,,,,,,,,,,,,,,,,,,,,,,,,,,,,,,,,,,,,,,,
400022,CHIARTS HS,Contract,3.8,Level 1,Good Standing,46,99,3,3.33,73,100,4,1.67,29,100,2,1.67,50,100,3,1.67,50,100,3,1.67,16,100,2,15,11,100,2,2.5,11,100,2,2.5,,,,,,,,,49.4,100,3,10,94.1,5,10,85.5,5,10,2,5,5,76.2,5,5,87.8,5,5,33.6,4,5,96.4,5,10,Moderately Organized,3,5,97.8,4,5,,,,,,,,,,,,,,,,,,,,,,,,,,,,,,,,,,,,,,,,,,,,,,,,,,,,,,,,,,,,,,,,,,,,,,,,,,,,,,,,,,,,,
400032,CICS - ELLISON HS,Charter,2.6,Level 2,Not Applicable,31,95,2,3.33,67,95,3,1.67,31,95,2,1.67,34,100,2,1.67,38,100,2,1.67,9,100,1,17.5,9,100,1,2.5,,,,,,,,,,,,,7.5,95,1,10,87.2,4,10,74.3,3,10,3.9,4,5,68.7,4,5,62.2,2,5,6.9,1,5,90.3,4,10,Organized,4,5,99.8,5,5,,,,,,,,,,,,,,,,,,,,,,,,,,,,,,,,,,,,,,,,,,,,,,,,,,,,,,,,,,,,,,,,,,,,,,,,,,,,,,,,,,,,,
400034,CICS - NORTHTOWN HS,Charter,4,Level 1+,Not Applicable,79,100,4,3.33,67,99,3,1.67,29,99,2,1.67,32,100,2,1.67,64,100,3,1.67,62,100,3,17.5,,,,,63,100,4,2.5,,,,,,,,,40,100,3,10,100,5,10,88.8,5,10,0.4,5,5,80,5,5,76.5,4,5,34.4,4,5,94.8,4,10,Well Organized,5,5,99.8,5,5,,,,,,,,,,,,,,,,,,,,,,,,,,,,,,,,,,,,,,,,,,,,,,,,,,,,,,,,,,,,,,,,,,,,,,,,,,,,,,,,,,,,,
400051,NOBLE - NOBLE HS,Charter,4.6,Level 1+,Not Applicable,99,100,5,3.33,99,99,5,1.67,95,99,5,1.67,50,100,3,1.67,82,100,4,1.67,99,100,5,17.5,,,,,99,100,5,2.5,,,,,,,,,63.7,100,4,10,85.1,4,10,87.1,5,10,0.3,5,5,92.3,5,5,76,4,5,51.9,5,5,94.5,4,10,Well Organized,5,5,100,5,5,,,,,,,,,,,,,,,,,,,,,,,,,,,,,,,,,,,,,,,,,,,,,,,,,,,,,,,,,,,,,,,,,,,,,,,,,,,,,,,,,,,,,
400053,NOBLE - GOLDER HS,Charter,4.3,Level 1+,Not Applicable,98,99,5,3.33,99,100,5,1.67,28,100,2,1.67,50,100,3,1.67,67,100,3,1.67,98,100,5,17.5,,,,,98,100,5,2.5,,,,,,,,,61.2,100,4,10,86.6,4,10,80,4,10,2.5,4,5,87.1,5,5,72.9,3,5,51.5,5,5,93.5,4,10,Organized,4,5,100,5,5,,,,,,,,,,,,,,,,,,,,,,,,,,,,,,,,,,,,,,,,,,,,,,,,,,,,,,,,,,,,,,,,,,,,,,,,,,,,,,,,,,,,,
400054,NOBLE - PRITZKER HS,Charter,4.6,Level 1+,Not Applicable,99,98,5,3.33,99,99,5,1.67,50,99,3,1.67,69,99,3,1.67,82,99,4,1.67,99,99,5,17.5,,,,,99,99,5,2.5,,,,,,,,,71.5,98,4,10,93,5,10,85.4,5,10,0.5,5,5,90.3,5,5,72.4,3,5,49.8,5,5,94.7,4,10,Well Organized,5,5,99.9,5,5,,,,,,,,,,,,,,,,,,,,,,,,,,,,,,,,,,,,,,,,,,,,,,,,,,,,,,,,,,,,,,,,,,,,,,,,,,,,,,,,,,,,,
400055,NOBLE - RAUNER HS,Charter,4.4,Level 1+,Not Applicable,98,99,5,3.33,83,98,4,1.67,28,98,2,1.67,68,100,3,1.67,67,100,3,1.67,99,100,5,17.5,,,,,99,100,5,2.5,,,,,,,,,51.8,99,3,10,89.3,4,10,88.3,5,10,1.1,5,5,87.1,5,5,69,3,5,48.4,5,5,93.4,4,10,Well Organized,5,5,100,5,5,,,,,,,,,,,,,,,,,,,,,,,,,,,,,,,,,,,,,,,,,,,,,,,,,,,,,,,,,,,,,,,,,,,,,,,,,,,,,,,,,,,,,
400056,NOBLE - ROWE CLARK HS,Charter,3.6,Level 1,Not Applicable,64,97,3,3.33,99,99,5,1.67,85,99,4,1.67,32,100,2,1.67,63,100,3,1.67,95,100,5,17.5,95,100,5,2.5,,,,,,,,,,,,,33.2,99,2,10,80,4,10,73.9,3,10,6.4,2,5,73.5,4,5,63,2,5,22.8,3,5,89,3,10,Well Organized,5,5,99.9,5,5,,,,,,,,,,,,,,,,,,,,,,,,,,,,,,,,,,,,,,,,,,,,,,,,,,,,,,,,,,,,,,,,,,,,,,,,,,,,,,,,,,,,,
400057,NOBLE - UIC HS,Charter,4.6,Level 1+,Not Applicable,99,96,5,3.33,99,100,5,1.67,88,100,4,1.67,68,99,3,1.67,96,99,5,1.67,99,99,5,15,99,99,5,2.5,99,100,5,2.5,,,,,,,,,67,98,4,10,83.9,4,10,85.5,5,10,2.1,4,5,90.1,5,5,80.7,4,5,53.4,5,5,93.3,4,10,Well Organized,5,5,100,5,5,,,,,,,,,,,,,,,,,,,,,,,,,,,,,,,,,,,,,,,,,,,,,,,,,,,,,,,,,,,,,,,,,,,,,,,,,,,,,,,,,,,,,
400058,NORTH LAWNDALE - CHRISTIANA HS,Charter,3.2,Level 2+,Not Applicable,15,95,2,3.33,81,96,4,1.67,50,96,3,1.67,50,99,3,1.67,83,99,4,1.67,17,99,2,17.5,17,99,2,2.5,,,,,,,,,,,,,10.5,96,1,10,87.2,4,10,68.2,3,10,0.6,5,5,75.6,5,5,57.9,2,5,14.7,2,5,96,5,10,Well Organized,5,5,100,5,5,,,,,,,,,,,,,,,,,,,,,,,,,,,,,,,,,,,,,,,,,,,,,,,,,,,,,,,,,,,,,,,,,,,,,,,,,,,,,,,,,,,,,
400059,NORTH LAWNDALE - COLLINS HS,Charter,3,Level 2+,Not Applicable,1,99,1,3.33,82,99,4,1.67,31,99,2,1.67,50,100,3,1.67,83,100,4,1.67,18,100,2,17.5,18,100,2,2.5,,,,,,,,,,,,,7.1,100,1,10,84.1,4,10,64.5,2,10,1.9,5,5,73.8,4,5,54.4,1,5,43.1,5,5,92.4,4,10,Well Organized,5,5,99.6,5,5,,,,,,,,,,,,,,,,,,,,,,,,,,,,,,,,,,,,,,,,,,,,,,,,,,,,,,,,,,,,,,,,,,,,,,,,,,,,,,,,,,,,,
400062,PERSPECTIVES - TECH HS,Charter,3.3,Level 2+,Not Applicable,31,99,2,3.33,90,96,5,1.67,16,96,2,1.67,50,100,3,1.67,38,100,2,1.67,30,100,2,17.5,30,100,3,2.5,,,,,,,,,,,,,6.9,99,1,10,100,5,10,76.5,4,10,1.9,5,5,62,3,5,56.2,2,5,54.8,5,5,92.2,4,10,Organized,4,5,99.7,5,5,,,,,,,,,,,,,,,,,,,,,,,,,,,,,,,,,,,,,,,,,,,,,,,,,,,,,,,,,,,,,,,,,,,,,,,,,,,,,,,,,,,,,
400085,ACERO - GARCIA HS,Charter,3.5,Level 1,Not Applicable,70,98,4,3.33,68,98,3,1.67,50,98,3,1.67,17,100,2,1.67,50,100,3,1.67,58,100,3,17.5,,,,,59,100,4,2.5,,,,,,,,,35.2,99,2,10,89.5,4,10,83.7,4,10,1.3,5,5,71.4,4,5,68.4,3,5,40.4,5,5,93.6,4,10,Partially Organized,2,5,98.7,4,5,,,,,,,,,,,,,,,,,,,,,,,,,,,,,,,,,,,,,,,,,,,,,,,,,,,,,,,,,,,,,,,,,,,,,,,,,,,,,,,,,,,,,
400086,URBAN PREP - ENGLEWOOD HS,Charter,2.7,Level 2,Not Applicable,15,95,2,3.33,95,95,5,1.67,31,95,2,1.67,34,100,2,1.67,50,100,3,1.67,36,100,2,17.5,36,100,3,2.5,,,,,,,,,,,,,17,94,1,10,63.8,2,10,77.2,4,10,7.7,2,5,76.1,5,5,74,3,5,16.7,2,5,91.4,4,10,Partially Organized,2,5,98.6,4,5,,,,,,,,,,,,,,,,,,,,,,,,,,,,,,,,,,,,,,,,,,,,,,,,,,,,,,,,,,,,,,,,,,,,,,,,,,,,,,,,,,,,,
400087,YOUNG WOMENS HS,Charter,3.1,Level 2+,Not Applicable,10,95,2,3.33,50,95,3,1.67,50,95,3,1.67,50,100,3,1.67,50,100,3,1.67,29,100,2,17.5,30,100,3,2.5,,,,,,,,,,,,,8.4,96,1,10,75,3,10,76.1,4,10,7.9,2,5,90.2,5,5,57.6,2,5,33.3,4,5,98.3,5,10,Well Organized,5,5,99.6,5,5,,,,,,,,,,,,,,,,,,,,,,,,,,,,,,,,,,,,,,,,,,,,,,,,,,,,,,,,,,,,,,,,,,,,,,,,,,,,,,,,,,,,,
400091,CHICAGO TECH HS,Contract,3.4,Level 2+,Good Standing,28,99,2,3.33,81,99,4,1.67,7,99,1,1.67,50,100,3,1.67,62,100,3,1.67,19,100,2,20,,,,,,,,,,,,,,,,,18.5,99,1,10,92.9,5,10,84,4,10,0.4,5,5,56.4,3,5,71.1,3,5,43.3,5,5,91.3,4,10,Well Organized,5,5,99.7,5,5,,,,,,,,,,,,,,,,,,,,,,,,,,,,,,,,,,,,,,,,,,,,,,,,,,,,,,,,,,,,,,,,,,,,,,,,,,,,,,,,,,,,,
400094,EPIC HS,Charter,4,Level 1+,Not Applicable,72,99,4,3.33,80,98,4,1.67,50,98,3,1.67,18,100,2,1.67,73,100,4,1.67,87,100,4,17.5,80,100,5,2.5,,,,,,,,,,,,,26.1,99,2,10,91,5,10,73.1,3,10,1.5,5,5,84.2,5,5,66.2,3,5,44.9,5,5,93.2,4,10,Well Organized,5,5,99.8,5,5,,,,,,,,,,,,,,,,,,,,,,,,,,,,,,,,,,,,,,,,,,,,,,,,,,,,,,,,,,,,,,,,,,,,,,,,,,,,,,,,,,,,,
400097,NOBLE - BULLS HS,Charter,4.4,Level 1+,Not Applicable,99,98,5,3.33,96,99,5,1.67,72,99,4,1.67,68,100,3,1.67,90,100,5,1.67,99,100,5,15,99,100,5,2.5,99,100,5,2.5,,,,,,,,,56.5,99,3,10,85.8,4,10,82.4,4,10,0.2,5,5,92.6,5,5,80,4,5,30.5,4,5,93.8,4,10,Well Organized,5,5,100,5,5,,,,,,,,,,,,,,,,,,,,,,,,,,,,,,,,,,,,,,,,,,,,,,,,,,,,,,,,,,,,,,,,,,,,,,,,,,,,,,,,,,,,,
400098,NOBLE - MUCHIN HS,Charter,4.7,Level 1+,Not Applicable,97,100,5,3.33,94,100,5,1.67,28,100,2,1.67,31,100,2,1.67,82,100,4,1.67,97,100,5,15,93,100,5,2.5,98,100,5,2.5,,,,,,,,,61.2,100,4,10,90.4,5,10,92.3,5,10,0.6,5,5,91.5,5,5,80.3,4,5,50.2,5,5,95.3,5,10,Well Organized,5,5,100,5,5,,,,,,,,,,,,,,,,,,,,,,,,,,,,,,,,,,,,,,,,,,,,,,,,,,,,,,,,,,,,,,,,,,,,,,,,,,,,,,,,,,,,,
400102,URBAN PREP - WEST HS,Charter,2.7,Level 2,Not Applicable,24,96,2,3.33,83,95,4,1.67,31,95,2,1.67,20,99,2,1.67,50,99,3,1.67,31,99,2,17.5,31,99,3,2.5,,,,,,,,,,,,,12.8,93,1,10,76.2,3,10,68.5,3,10,5.5,3,5,63.8,3,5,43.8,1,5,8.9,1,5,93.2,4,10,Well Organized,5,5,99,5,5,,,,,,,,,,,,,,,,,,,,,,,,,,,,,,,,,,,,,,,,,,,,,,,,,,,,,,,,,,,,,,,,,,,,,,,,,,,,,,,,,,,,,
400104,INSTITUTO - HEALTH,Charter,3.1,Level 2+,Not Applicable,64,97,3,3.33,66,97,3,1.67,15,97,2,1.67,34,98,2,1.67,50,98,3,1.67,24,98,2,17.5,,,,,25,98,2,2.5,,,,,,,,,16.2,97,1,10,84.4,4,10,84.4,4,10,0.7,5,5,68.2,4,5,66.3,3,5,91.3,5,5,89.2,3,10,Partially Organized,2,5,99.8,5,5,,,,,,,,,,,,,,,,,,,,,,,,,,,,,,,,,,,,,,,,,,,,,,,,,,,,,,,,,,,,,,,,,,,,,,,,,,,,,,,,,,,,,
400105,URBAN PREP - BRONZEVILLE HS,Charter,2.8,Level 2,Not Applicable,56,100,3,3.33,80,99,4,1.67,50,99,3,1.67,50,100,3,1.67,84,100,4,1.67,19,100,2,17.5,19,100,2,2.5,,,,,,,,,,,,,21,100,2,10,83.7,4,10,69.3,3,10,8.2,1,5,90.9,5,5,52.8,1,5,22.6,3,5,92.9,4,10,Not Yet Organized,1,5,98,4,5,,,,,,,,,,,,,,,,,,,,,,,,,,,,,,,,,,,,,,,,,,,,,,,,,,,,,,,,,,,,,,,,,,,,,,,,,,,,,,,,,,,,,
400106,NOBLE - JOHNSON HS,Charter,3.4,Level 2+,Not Applicable,61,90,1,3.33,95,97,5,1.67,69,97,3,1.67,19,96,2,1.67,63,96,3,1.67,80,96,4,15,76,97,5,2.5,,,,,,,,,77,98,5,2.5,24.6,94,1,10,83.3,4,10,68.9,3,10,1.3,5,5,76.5,5,5,60.3,2,5,7.8,1,5,87.1,3,10,Well Organized,5,5,99.8,5,5,,,,,,,,,,,,,,,,,,,,,,,,,,,,,,,,,,,,,,,,,,,,,,,,,,,,,,,,,,,,,,,,,,,,,,,,,,,,,,,,,,,,,
400113,CICS - CHICAGOQUEST HS,Charter,3,Level 2+,Not Applicable,14,99,2,3.33,66,96,3,1.67,16,96,2,1.67,34,100,2,1.67,62,100,3,1.67,41,100,3,20,,,,,,,,,,,,,,,,,12.8,98,1,10,83.3,4,10,74.2,3,10,3.5,4,5,62.3,3,10,,,,0,1,5,85.8,3,10,Well Organized,5,5,100,5,5,,,,,,,,,,,,,,,,,,,,,,,,,,,,,,,,,,,,,,,,,,,,,,,,,,,,,,,,,,,,,,,,,,,,,,,,,,,,,,,,,,,,,
400117,NOBLE - HANSBERRY HS,Charter,4,Level 1+,Not Applicable,64,92,1,3.33,95,100,5,1.67,84,100,4,1.67,67,98,3,1.67,73,98,4,1.67,94,98,5,17.5,94,98,5,2.5,,,,,,,,,,,,,36.5,96,2,10,83.8,4,10,77.1,4,10,4,4,5,85.9,5,5,72.7,3,5,34.5,4,5,91.4,4,10,Well Organized,5,5,100,5,5,,,,,,,,,,,,,,,,,,,,,,,,,,,,,,,,,,,,,,,,,,,,,,,,,,,,,,,,,,,,,,,,,,,,,,,,,,,,,,,,,,,,,
400118,NOBLE - DRW HS,Charter,2.9,Level 2,Not Applicable,22,85,1,3.33,89,90,1,1.67,50,90,1,1.67,33,97,2,1.67,50,97,3,1.67,70,97,4,17.5,70,97,5,2.5,,,,,,,,,,,,,21.2,91,1,10,85.1,4,10,61.5,2,10,2.8,4,5,79.2,5,5,55,2,5,6,1,5,87.4,3,10,Partially Organized,2,5,99.9,5,5,,,,,,,,,,,,,,,,,,,,,,,,,,,,,,,,,,,,,,,,,,,,,,,,,,,,,,,,,,,,,,,,,,,,,,,,,,,,,,,,,,,,,
400119,LEGAL PREP HS,Charter,3.3,Level 2+,Not Applicable,28,95,2,3.33,50,96,3,1.67,31,96,2,1.67,78,99,4,1.67,50,99,3,1.67,56,99,3,17.5,56,99,4,2.5,,,,,,,,,,,,,13.4,94,1,10,82.8,4,10,68.1,3,10,0.7,5,5,68.6,4,5,56.4,2,5,91.1,5,5,86.9,3,10,Well Organized,5,5,99.8,5,5,,,,,,,,,,,,,,,,,,,,,,,,,,,,,,,,,,,,,,,,,,,,,,,,,,,,,,,,,,,,,,,,,,,,,,,,,,,,,,,,,,,,,
400149,ACERO - SOTO HS,Charter,3.1,Level 2+,Not Applicable,79,99,4,3.33,50,91,1,1.67,30,91,1,1.67,19,95,2,1.67,63,95,3,1.67,66,95,3,17.5,,,,,66,95,4,2.5,,,,,,,,,26.4,94,1,10,87.2,4,10,66.7,3,10,3.7,4,5,69.9,4,10,,,,12.6,2,5,87.9,3,10,Organized,4,5,99.4,5,5,,,,,,,,,,,,,,,,,,,,,,,,,,,,,,,,,,,,,,,,,,,,,,,,,,,,,,,,,,,,,,,,,,,,,,,,,,,,,,,,,,,,,
400156,NOBLE - BUTLER HS,Charter,3.8,Level 1,Not Applicable,88,97,4,3.33,66,97,3,1.67,84,97,4,1.67,50,100,3,1.67,63,100,3,1.67,79,100,4,17.5,79,100,5,2.5,,,,,,,,,,,,,39.6,98,2,10,82.6,4,10,76.4,4,10,0.6,5,5,82.7,5,10,,,,3.6,1,5,93.9,4,10,Organized,4,5,100,5,5,,,,,,,,,,,,,,,,,,,,,,,,,,,,,,,,,,,,,,,,,,,,,,,,,,,,,,,,,,,,,,,,,,,,,,,,,,,,,,,,,,,,,
400157,NOBLE - BAKER HS,Charter,3.7,Level 1,Not Applicable,76,95,4,3.33,98,97,5,1.67,69,97,3,1.67,32,99,2,1.67,84,99,4,1.67,93,99,5,17.5,95,99,5,2.5,,,,,,,,,,,,,36.1,96,2,10,76.8,3,10,73.8,3,10,3.6,4,5,71.9,4,10,,,,5.8,1,5,90.8,4,10,Well Organized,5,5,100,5,5,,,,,,,,,,,,,,,,,,,,,,,,,,,,,,,,,,,,,,,,,,,,,,,,,,,,,,,,,,,,,,,,,,,,,,,,,,,,,,,,,,,,,
400169,NOBLE - ITW SPEER HS,Charter,4.4,Level 1+,Not Applicable,99,98,5,3.33,99,98,5,1.67,72,98,4,1.67,32,100,2,1.67,96,100,5,1.67,99,100,5,17.5,,,,,99,100,5,2.5,,,,,,,,,63.8,99,4,10,93.4,5,10,81.1,4,20,0.7,5,5,,,,,,,10.3,2,5,93.8,4,10,Well Organized,5,5,100,5,5,,,,,,,,,,,,,,,,,,,,,,,,,,,,,,,,,,,,,,,,,,,,,,,,,,,,,,,,,,,,,,,,,,,,,,,,,,,,,,,,,,,,,
400170,NOBLE - ACADEMY HS,Charter,4.2,Level 1+,Not Applicable,97,96,5,3.33,94,98,5,1.67,72,98,4,1.67,50,99,3,1.67,82,99,4,1.67,99,99,5,20,,,,,,,,,,,,,,,,,56.9,98,3,10,84.7,4,10,78.5,4,20,1.3,5,5,,,,,,,16.9,2,5,93.1,4,10,Well Organized,5,5,100,5,5,,,,,,,,,,,,,,,,,,,,,,,,,,,,,,,,,,,,,,,,,,,,,,,,,,,,,,,,,,,,,,,,,,,,,,,,,,,,,,,,,,,,,
400172,ASPIRA - BUSINESS & FINANCE HS,Charter,3,Level 2+,Not Applicable,32,98,2,4.58,50,95,3,2.3,16,95,2,2.3,50,99,3,2.3,26,99,2,2.3,23,99,2,18.75,,,,,22,100,2,2.5,,,,,,,,,18.1,97,1,10,90.1,5,20,,,,3.6,4,10,,,,,,,,,,89.7,3,15,Not Yet Organized,1,5,100,5,5,,,,,,,,,,,,,,,,,,,,,,,,,,,,,,,,,,,,,,,,,,,,,,,,,,,,,,,,,,,,,,,,,,,,,,,,,,,,,,,,,,,,,
400179,NOBLE - MANSUETO HS,Charter,4.5,Level 1+,Not Applicable,99,99,5,17.5,99,100,5,8.76,50,100,3,8.76,,,,,,,,,,,,,,,,,,,,,,,,,,,,,66.3,99,4,10,83.7,4,20,,,,1.4,5,10,,,,,,,,,,95.2,5,15,Well Organized,5,5,99.9,5,5,,,,,,,,,,,,,,,,,,,,,,,,,,,,,,,,,,,,,,,,,,,,,,,,,,,,,,,,,,,,,,,,,,,,,,,,,,,,,,,,,,,,,
609674,CHICAGO VOCATIONAL HS,Network 17,3,Level 2+,Provisional Support,11,96,2,3.33,82,95,4,1.67,31,95,2,1.67,50,97,3,1.67,50,97,3,1.67,12,97,2,17.5,12,97,2,2.5,,,,,,,,,,,,,11.1,96,1,10,88.8,4,10,67.8,3,10,2.5,4,5,45.2,2,5,50.6,1,5,72.1,5,5,91.2,4,10,Well Organized,5,5,99,5,5,,,,,,,,,,,,,,,,,,,,,,,,,,,,,,,,,,,,,,,,,,,,,,,,,,,,,,,,,,,,,,,,,,,,,,,,,,,,,,,,,,,,,
609676,DUNBAR HS,Network 17,2.6,Level 2,Intensive Support,31,95,2,3.33,83,87,1,1.67,17,87,1,1.67,50,99,3,1.67,26,99,2,1.67,7,99,1,17.5,7,99,1,2.5,,,,,,,,,,,,,4.3,93,1,10,81.4,4,10,62.8,2,10,3.4,4,5,51.7,2,5,66.7,3,5,41.4,5,5,87.2,3,10,Well Organized,5,5,99.8,5,5,,,,,,,,,,,,,,,,,,,,,,,,,,,,,,,,,,,,,,,,,,,,,,,,,,,,,,,,,,,,,,,,,,,,,,,,,,,,,,,,,,,,,
609678,JONES HS,ISP,4.6,Level 1+,Good Standing,95,99,5,3.33,64,100,3,1.67,21,100,2,1.67,66,100,3,1.67,50,100,3,1.67,79,100,4,15,51,100,4,2.5,65,100,4,2.5,,,,,,,,,98.3,100,5,10,99.6,5,10,95.2,5,10,0.3,5,5,88.8,5,5,92.5,5,5,91.7,5,5,94.4,4,10,Well Organized,5,5,99.9,5,5,,,,,,,,,,,,,,,,,,,,,,,,,,,,,,,,,,,,,,,,,,,,,,,,,,,,,,,,,,,,,,,,,,,,,,,,,,,,,,,,,,,,,
609679,PROSSER HS,Network 15,3.7,Level 1,Good Standing,76,99,4,3.33,85,95,4,1.67,12,95,2,1.67,32,99,2,1.67,50,99,3,1.67,24,99,2,15,10,100,2,2.5,27,100,2,2.5,,,,,,,,,46,98,3,10,92.4,5,10,86.9,5,10,0.4,5,5,72.6,4,5,69.9,3,5,91.5,5,5,90.3,4,10,Organized,4,5,99.7,5,5,,,,,,,,,,,,,,,,,,,,,,,,,,,,,,,,,,,,,,,,,,,,,,,,,,,,,,,,,,,,,,,,,,,,,,,,,,,,,,,,,,,,,
609680,PAYTON HS,ISP,4.4,Level 1+,Good Standing,82,99,4,3.33,50,99,3,1.67,34,99,2,1.67,64,100,3,1.67,70,100,4,1.67,63,100,3,17.5,,,,,76,100,5,2.5,,,,,,,,,99.6,100,5,10,98.8,5,10,96,5,10,0.2,5,5,92.3,5,5,98.8,5,5,95.9,5,5,94.6,4,10,Well Organized,5,5,99.7,5,5,,,,,,,,,,,,,,,,,,,,,,,,,,,,,,,,,,,,,,,,,,,,,,,,,,,,,,,,,,,,,,,,,,,,,,,,,,,,,,,,,,,,,
609682,RICHARDS HS,Network 16,1.9,Level 3,Intensive Support,8,95,1,3.33,68,98,3,1.67,32,98,2,1.67,64,100,3,1.67,50,100,3,1.67,3,100,1,20,,,,,,,,,,,,,,,,,9.6,98,1,10,76.6,3,10,61.2,2,10,8.3,1,5,47.6,2,5,48.6,1,5,84.4,5,5,78.5,1,10,Partially Organized,2,5,99.3,5,5,,,,,,,,,,,,,,,,,,,,,,,,,,,,,,,,,,,,,,,,,,,,,,,,,,,,,,,,,,,,,,,,,,,,,,,,,,,,,,,,,,,,,
609691,NORTH-GRAND HS,Network 15,3.5,Level 1,Good Standing,36,99,2,3.33,80,99,4,1.67,50,99,3,1.67,50,100,3,1.67,74,100,4,1.67,39,100,2,15,26,100,2,2.5,44,100,3,2.5,,,,,,,,,22.5,99,2,10,92.8,5,10,75.2,4,10,2,5,5,68.5,4,5,54.7,1,5,46.9,5,5,90.3,4,10,Well Organized,5,5,99.7,5,5,,,,,,,,,,,,,,,,,,,,,,,,,,,,,,,,,,,,,,,,,,,,,,,,,,,,,,,,,,,,,,,,,,,,,,,,,,,,,,,,,,,,,
609692,SIMEON HS,Network 17,3.1,Level 2+,Good Standing,10,97,2,3.33,66,97,3,1.67,16,97,2,1.67,19,99,2,1.67,50,99,3,1.67,4,99,1,17.5,4,99,1,2.5,,,,,,,,,,,,,13.5,98,1,10,84.8,4,10,87.8,5,10,0.9,5,5,66.7,4,5,69.5,3,5,55.4,5,5,90.5,4,10,Well Organized,5,5,98.4,4,5,,,,,,,,,,,,,,,,,,,,,,,,,,,,,,,,,,,,,,,,,,,,,,,,,,,,,,,,,,,,,,,,,,,,,,,,,,,,,,,,,,,,,
609693,WESTINGHOUSE HS,Network 15,4,Level 1+,Good Standing,73,99,4,3.33,91,97,5,1.67,7,97,1,1.67,31,100,2,1.67,50,100,3,1.67,35,100,2,15,20,100,2,2.5,57,100,4,2.5,,,,,,,,,73.1,99,4,10,98.2,5,10,94,5,10,0.2,5,5,90.5,5,5,78.5,4,5,53.2,5,5,93.7,4,10,Well Organized,5,5,99.5,5,5,,,,,,,,,,,,,,,,,,,,,,,,,,,,,,,,,,,,,,,,,,,,,,,,,,,,,,,,,,,,,,,,,,,,,,,,,,,,,,,,,,,,,
609694,HANCOCK HS,Network 15,4.1,Level 1+,Good Standing,89,100,4,3.33,72,100,4,1.67,16,100,2,1.67,31,100,2,1.67,19,100,2,1.67,49,100,3,17.5,,,,,50,100,4,2.5,,,,,,,,,82.2,100,5,10,98,5,10,83.7,4,10,0.5,5,5,81,5,5,66.4,3,5,37.1,4,5,92.9,4,10,Well Organized,5,5,99.9,5,5,,,,,,,,,,,,,,,,,,,,,,,,,,,,,,,,,,,,,,,,,,,,,,,,,,,,,,,,,,,,,,,,,,,,,,,,,,,,,,,,,,,,,
609695,AMUNDSEN HS,ISP,4.1,Level 1+,Good Standing,92,97,5,3.33,50,98,3,1.67,12,98,2,1.67,68,100,3,1.67,50,100,3,1.67,74,100,4,17.5,,,,,69,100,4,2.5,,,,,,,,,56.2,99,3,10,92.4,5,10,80.5,4,10,1.4,5,5,70.7,4,5,74.3,3,5,42.3,5,5,92.2,4,10,Well Organized,5,5,99.5,5,5,,,,,,,,,,,,,,,,,,,,,,,,,,,,,,,,,,,,,,,,,,,,,,,,,,,,,,,,,,,,,,,,,,,,,,,,,,,,,,,,,,,,,
609698,BOGAN HS,Network 16,2.8,Level 2,Provisional Support,16,97,2,3.33,90,92,3,1.67,31,92,1,1.67,34,96,2,1.67,50,96,3,1.67,2,96,1,15,3,96,1,2.5,2,97,1,2.5,,,,,,,,,13.8,95,1,10,95.2,5,10,73.7,3,10,2.6,4,5,58.1,3,5,66.3,3,5,33.9,4,5,89,3,10,Well Organized,5,5,99.4,5,5,,,,,,,,,,,,,,,,,,,,,,,,,,,,,,,,,,,,,,,,,,,,,,,,,,,,,,,,,,,,,,,,,,,,,,,,,,,,,,,,,,,,,
609704,FARRAGUT HS,Network 16,3,Level 2+,Good Standing,72,97,4,3.33,80,99,4,1.67,31,99,2,1.67,34,100,2,1.67,50,100,3,1.67,35,100,2,17.5,,,,,36,100,3,2.5,,,,,,,,,19.6,99,1,10,90.7,5,10,65.1,3,10,4.2,3,5,46.5,2,5,67.6,3,5,66.9,5,5,88.4,3,10,Organized,4,5,99.9,5,5,,,,,,,,,,,,,,,,,,,,,,,,,,,,,,,,,,,,,,,,,,,,,,,,,,,,,,,,,,,,,,,,,,,,,,,,,,,,,,,,,,,,,
609705,FENGER HS,Network 17,2.8,Level 2,Intensive Support,9,100,1,3.33,50,95,3,1.67,19,95,2,1.67,65,100,3,1.67,38,100,2,1.67,4,100,1,20,,,,,,,,,,,,,,,,,4.9,98,1,10,100,5,10,66.7,3,10,0.5,5,5,49,2,5,42.9,1,5,46.3,5,5,87.8,3,10,Well Organized,5,5,100,5,5,,,,,,,,,,,,,,,,,,,,,,,,,,,,,,,,,,,,,,,,,,,,,,,,,,,,,,,,,,,,,,,,,,,,,,,,,,,,,,,,,,,,,
609707,ROBESON HS,Network 11,2.2,Level 2,Intensive Support,22,95,2,3.33,97,95,5,1.67,7,95,1,1.67,23,100,2,1.67,11,100,2,1.67,5,100,1,20,,,,,,,,,,,,,,,,,4,95,1,10,81.1,4,10,54.2,1,10,9.2,1,5,58.3,3,5,45.5,1,5,22.2,3,5,86.1,3,10,Well Organized,5,5,99.9,5,5,,,,,,,,,,,,,,,,,,,,,,,,,,,,,,,,,,,,,,,,,,,,,,,,,,,,,,,,,,,,,,,,,,,,,,,,,,,,,,,,,,,,,
609708,FOREMAN HS,Network 14,2.5,Level 2,Intensive Support,38,86,1,3.33,68,91,1,1.67,31,91,1,1.67,34,99,2,1.67,50,99,3,1.67,29,99,2,17.5,,,,,27,100,2,2.5,,,,,,,,,12.1,92,1,10,87.2,4,10,63.4,2,10,4.4,3,5,54.6,2,5,61.4,2,5,32.2,4,5,87.6,3,10,Partially Organized,2,5,99.7,5,5,,,,,,,,,,,,,,,,,,,,,,,,,,,,,,,,,,,,,,,,,,,,,,,,,,,,,,,,,,,,,,,,,,,,,,,,,,,,,,,,,,,,,
609709,GAGE PARK HS,Network 16,2.7,Level 2,Provisional Support,16,99,2,3.33,90,96,5,1.67,31,96,2,1.67,35,99,2,1.67,50,99,3,1.67,7,99,1,20,,,,,,,,,,,,,,,,,12.5,98,1,10,96.6,5,10,71.8,3,10,1.3,5,5,40.9,1,5,34.8,1,5,19.5,2,5,91.8,4,10,Organized,4,5,100,5,5,,,,,,,,,,,,,,,,,,,,,,,,,,,,,,,,,,,,,,,,,,,,,,,,,,,,,,,,,,,,,,,,,,,,,,,,,,,,,,,,,,,,,
609710,HARLAN HS,Network 17,1.8,Level 3,Intensive Support,2,66,1,3.33,32,72,1,1.67,7,72,1,1.67,50,100,3,1.67,50,100,3,1.67,9,100,1,17.5,9,100,1,2.5,,,,,,,,,,,,,6.2,78,1,10,68.8,2,10,56.1,2,10,9.2,1,5,62.3,3,5,45.5,1,5,23.7,3,5,84.7,2,10,Partially Organized,2,5,99.7,5,5,,,,,,,,,,,,,,,,,,,,,,,,,,,,,,,,,,,,,,,,,,,,,,,,,,,,,,,,,,,,,,,,,,,,,,,,,,,,,,,,,,,,,
609711,HARPER HS,Network 16,2.5,Level 2,Intensive Support,4,100,1,3.33,82,95,4,1.67,8,95,1,1.67,36,100,2,1.67,37,100,2,1.67,1,100,1,20,,,,,,,,,,,,,,,,,1.1,98,1,10,92.6,5,10,62.5,2,10,5.4,3,5,63.9,3,5,13.6,1,5,66.7,5,5,86.7,3,10,Organized,4,5,99.1,5,5,,,,,,,,,,,,,,,,,,,,,,,,,,,,,,,,,,,,,,,,,,,,,,,,,,,,,,,,,,,,,,,,,,,,,,,,,,,,,,,,,,,,,
609712,HIRSCH HS,Network 17,2.2,Level 2,Intensive Support,6,98,1,10,82,95,4,5,2,95,1,5,36,100,2,5,36,100,2,5,,,,,,,,,,,,,,,,,,,,,2.1,97,1,10,75,3,10,55,2,10,14.1,1,5,46.9,2,10,,,,36.8,4,5,81.6,2,10,Organized,4,5,98.9,4,5,,,,,,,,,,,,,,,,,,,,,,,,,,,,,,,,,,,,,,,,,,,,,,,,,,,,,,,,,,,,,,,,,,,,,,,,,,,,,,,,,,,,,
609713,HYDE PARK HS,Network 17,2.7,Level 2,Provisional Support,6,97,1,3.33,82,96,4,1.67,16,96,2,1.67,64,100,3,1.67,63,100,3,1.67,7,100,1,17.5,7,100,1,2.5,,,,,,,,,,,,,7.8,98,1,10,90.5,5,10,70.3,3,10,0.3,5,5,69.8,4,5,50.6,1,5,20.5,3,5,88.3,3,10,Moderately Organized,3,5,99.1,5,5,,,,,,,,,,,,,,,,,,,,,,,,,,,,,,,,,,,,,,,,,,,,,,,,,,,,,,,,,,,,,,,,,,,,,,,,,,,,,,,,,,,,,
609715,KELLY HS,Network 16,2.9,Level 2,Provisional Support,44,93,2,3.33,50,88,1,1.67,29,88,1,1.67,80,98,4,1.67,63,98,3,1.67,30,98,2,17.5,,,,,27,98,2,2.5,,,,,,,,,30,93,1,10,81.8,4,10,62.2,2,10,4.4,3,5,64.7,3,5,78.4,4,5,38.9,4,5,91.3,4,10,Well Organized,5,5,100,5,5,,,,,,,,,,,,,,,,,,,,,,,,,,,,,,,,,,,,,,,,,,,,,,,,,,,,,,,,,,,,,,,,,,,,,,,,,,,,,,,,,,,,,
609718,KENNEDY HS,Network 16,3.3,Level 2+,Good Standing,43,97,3,3.33,50,98,3,1.67,4,98,1,1.67,32,100,2,1.67,50,100,3,1.67,39,100,2,15,,,,,42,100,3,2.5,,,,,27,100,2,2.5,42.7,98,3,10,88.7,4,10,76.4,4,10,6.1,2,5,69.4,4,5,75,4,5,37,4,5,90.6,4,10,Moderately Organized,3,5,99.6,5,5,,,,,,,,,,,,,,,,,,,,,,,,,,,,,,,,,,,,,,,,,,,,,,,,,,,,,,,,,,,,,,,,,,,,,,,,,,,,,,,,,,,,,
609719,LAKE VIEW HS,Network 14,3.2,Level 2+,Good Standing,51,98,3,3.33,50,97,3,1.67,29,97,2,1.67,50,98,3,1.67,50,98,3,1.67,28,98,2,17.5,,,,,25,98,2,2.5,,,,,,,,,35.9,98,2,10,90.6,5,10,83.1,4,10,2.2,4,5,66.2,4,5,74.6,3,5,43.5,5,5,89.9,3,10,Partially Organized,2,5,99.2,5,5,,,,,,,,,,,,,,,,,,,,,,,,,,,,,,,,,,,,,,,,,,,,,,,,,,,,,,,,,,,,,,,,,,,,,,,,,,,,,,,,,,,,,
609722,MANLEY HS,Network 15,2.1,Level 2,Intensive Support,31,95,2,3.33,64,95,3,1.67,19,95,2,1.67,25,100,2,1.67,25,100,2,1.67,9,100,1,20,,,,,,,,,,,,,,,,,6.8,95,1,10,89.5,4,10,41.5,1,10,2.9,4,5,41.7,1,5,47.1,1,5,20.7,3,5,76.4,1,10,Well Organized,5,5,99.7,5,5,,,,,,,,,,,,,,,,,,,,,,,,,,,,,,,,,,,,,,,,,,,,,,,,,,,,,,,,,,,,,,,,,,,,,,,,,,,,,,,,,,,,,
609723,MARSHALL HS,Network 15,2.3,Level 2,Intensive Support,12,95,2,3.33,50,86,1,1.67,17,86,1,1.67,63,99,3,1.67,63,99,3,1.67,10,99,2,17.5,10,99,2,2.5,,,,,,,,,,,,,2.5,93,1,10,79.7,3,10,62.8,2,10,8,2,5,63.2,3,5,55,2,5,17.9,2,5,75.6,1,10,Well Organized,5,5,99.6,5,5,,,,,,,,,,,,,,,,,,,,,,,,,,,,,,,,,,,,,,,,,,,,,,,,,,,,,,,,,,,,,,,,,,,,,,,,,,,,,,,,,,,,,
609724,MATHER HS,Network 14,2.9,Level 2+,Good Standing,66,95,3,3.33,68,94,2,1.67,29,94,1,1.67,32,98,2,1.67,50,98,3,1.67,37,98,2,17.5,,,,,26,98,2,2.5,,,,,,,,,42.3,96,3,10,77.2,3,10,74.8,3,10,4.6,3,5,69.8,4,5,76.9,4,5,32.4,4,5,89.4,3,10,Moderately Organized,3,5,98.8,4,5,,,,,,,,,,,,,,,,,,,,,,,,,,,,,,,,,,,,,,,,,,,,,,,,,,,,,,,,,,,,,,,,,,,,,,,,,,,,,,,,,,,,,
609727,PHILLIPS HS,AUSL,2.7,Level 2,Intensive Support,26,97,2,3.33,68,97,3,1.67,16,97,2,1.67,50,100,3,1.67,73,100,4,1.67,15,100,2,17.5,13,100,2,2.5,,,,,,,,,,,,,11.7,98,1,10,80.9,4,10,58,2,10,6.7,2,5,69.6,4,5,62.7,2,5,40.5,5,5,83.7,2,10,Organized,4,5,99.7,5,5,,,,,,,,,,,,,,,,,,,,,,,,,,,,,,,,,,,,,,,,,,,,,,,,,,,,,,,,,,,,,,,,,,,,,,,,,,,,,,,,,,,,,
609729,SCHURZ HS,Network 14,2.9,Level 2,Provisional Support,51,95,3,3.33,89,95,4,1.67,31,95,2,1.67,66,97,3,1.67,37,97,2,1.67,21,97,2,17.5,,,,,23,97,2,2.5,,,,,,,,,24.7,96,2,10,76.2,3,10,67,3,10,3.5,4,5,59,3,5,65.6,3,5,34.3,4,5,86.7,3,10,Organized,4,5,99.2,5,5,,,,,,,,,,,,,,,,,,,,,,,,,,,,,,,,,,,,,,,,,,,,,,,,,,,,,,,,,,,,,,,,,,,,,,,,,,,,,,,,,,,,,
609730,SENN HS,Network 14,3.9,Level 1,Good Standing,83,98,4,3.33,73,94,3,1.67,12,94,1,1.67,32,100,2,1.67,65,100,3,1.67,52,100,3,15,30,100,3,2.5,53,100,4,2.5,,,,,,,,,50.6,97,3,10,91.3,5,10,81.2,4,10,1.6,5,5,75.3,5,5,75.6,4,5,45,5,5,92.2,4,10,Moderately Organized,3,5,99.4,5,5,,,,,,,,,,,,,,,,,,,,,,,,,,,,,,,,,,,,,,,,,,,,,,,,,,,,,,,,,,,,,,,,,,,,,,,,,,,,,,,,,,,,,
609732,STEINMETZ HS,Network 14,3.1,Level 2+,Good Standing,10,99,2,3.33,80,99,4,1.67,31,99,2,1.67,50,100,3,1.67,37,100,2,1.67,19,100,2,17.5,,,,,16,100,2,2.5,,,,,,,,,21.4,99,2,10,80.2,4,10,71.6,3,10,4.2,3,5,67.9,4,5,68.5,3,5,34.2,4,5,87.7,3,10,Well Organized,5,5,99.3,5,5,,,,,,,,,,,,,,,,,,,,,,,,,,,,,,,,,,,,,,,,,,,,,,,,,,,,,,,,,,,,,,,,,,,,,,,,,,,,,,,,,,,,,
609733,SULLIVAN HS,Network 14,3,Level 2+,Good Standing,70,99,4,3.33,66,97,3,1.67,50,97,3,1.67,34,98,2,1.67,50,98,3,1.67,30,98,2,17.5,12,100,2,2.5,,,,,,,,,,,,,20.2,98,2,10,94,5,10,69.5,3,10,9,1,5,56.4,3,5,61.8,2,5,33.1,4,5,85.3,3,10,Well Organized,5,5,98.3,4,5,,,,,,,,,,,,,,,,,,,,,,,,,,,,,,,,,,,,,,,,,,,,,,,,,,,,,,,,,,,,,,,,,,,,,,,,,,,,,,,,,,,,,
609735,TILDEN HS,Network 16,2.2,Level 2,Intensive Support,3,95,1,3.33,68,95,3,1.67,16,95,2,1.67,64,100,3,1.67,63,100,3,1.67,11,100,2,20,,,,,,,,,,,,,,,,,9.2,95,1,10,73.1,3,10,60.6,2,10,12.3,1,5,43.6,1,5,45.5,1,5,35,4,5,82.9,2,10,Well Organized,5,5,97.2,4,5,,,,,,,,,,,,,,,,,,,,,,,,,,,,,,,,,,,,,,,,,,,,,,,,,,,,,,,,,,,,,,,,,,,,,,,,,,,,,,,,,,,,,
609737,VON STEUBEN HS,Network 14,4.2,Level 1+,Good Standing,82,99,4,3.33,75,99,4,1.67,29,99,2,1.67,32,99,2,1.67,67,99,3,1.67,49,99,3,15,10,100,2,2.5,52,100,4,2.5,,,,,,,,,66.7,99,4,10,93.1,5,10,87.8,5,10,0.1,5,5,80.3,5,5,82.7,4,5,68.7,5,5,94.2,4,10,Well Organized,5,5,99.9,5,5,,,,,,,,,,,,,,,,,,,,,,,,,,,,,,,,,,,,,,,,,,,,,,,,,,,,,,,,,,,,,,,,,,,,,,,,,,,,,,,,,,,,,
609738,LINCOLN PARK HS,ISP,4,Level 1+,Good Standing,83,98,4,3.33,50,97,3,1.67,30,97,2,1.67,50,100,3,1.67,68,100,3,1.67,55,100,3,15,44,100,3,2.5,42,100,3,2.5,,,,,,,,,76.7,98,4,10,90.4,5,10,87.6,5,10,3.3,4,5,88.6,5,5,80.9,4,5,72.5,5,5,92.6,4,10,Organized,4,5,98.1,4,5,,,,,,,,,,,,,,,,,,,,,,,,,,,,,,,,,,,,,,,,,,,,,,,,,,,,,,,,,,,,,,,,,,,,,,,,,,,,,,,,,,,,,
609739,WASHINGTON HS,Network 17,3.6,Level 1,Good Standing,38,97,2,3.33,67,96,3,1.67,50,96,3,1.67,50,100,3,1.67,64,100,3,1.67,42,100,3,17.5,,,,,41,100,3,2.5,,,,,,,,,33.9,98,2,10,92.6,5,10,79.1,4,10,3,4,5,69.7,4,5,74.9,3,5,52,5,5,90.9,4,10,Moderately Organized,3,5,99.3,5,5,,,,,,,,,,,,,,,,,,,,,,,,,,,,,,,,,,,,,,,,,,,,,,,,,,,,,,,,,,,,,,,,,,,,,,,,,,,,,,,,,,,,,
609740,WELLS HS,Network 15,3,Level 2+,Good Standing,7,99,1,3.33,67,98,3,1.67,7,98,1,1.67,34,100,2,1.67,73,100,4,1.67,17,100,2,20,,,,,,,,,,,,,,,,,12.9,99,1,10,87.1,4,10,69,3,10,2.8,4,5,50.9,2,5,60.8,2,5,40.4,5,5,91.5,4,10,Well Organized,5,5,99.6,5,5,,,,,,,,,,,,,,,,,,,,,,,,,,,,,,,,,,,,,,,,,,,,,,,,,,,,,,,,,,,,,,,,,,,,,,,,,,,,,,,,,,,,,
609741,HUBBARD HS,Network 16,3.3,Level 2+,Good Standing,55,99,3,3.33,50,98,3,1.67,30,98,2,1.67,33,100,2,1.67,50,100,3,1.67,23,100,2,17.5,,,,,23,100,2,2.5,,,,,,,,,27.6,99,2,10,78.6,3,10,81.9,4,10,2.9,4,5,70.4,4,5,71.1,3,5,50,5,5,90.8,4,10,Well Organized,5,5,99.8,5,5,,,,,,,,,,,,,,,,,,,,,,,,,,,,,,,,,,,,,,,,,,,,,,,,,,,,,,,,,,,,,,,,,,,,,,,,,,,,,,,,,,,,,
609744,NORTHSIDE LEARNING HS,Network 14,3.2,Inability to Rate,Good Standing,,,,,,,,,,,,,,,,,,,,,,,,,,,,,,,,,,,,,,,,,,,,,100,5,17.27,0,1,17.27,0.9,5,8.64,2.1,1,13.64,,,,0,1,8.64,92.8,4,17.27,Well Organized,5,8.64,99.7,5,8.64,,,,,,,,,,,,,,,,,,,,,,,,,,,,,,,,,,,,,,,,,,,,,,,,,,,,,,,,,,,,,,,,,,,,,,,,,,,,,,,,,,,,,
609745,SOUTHSIDE HS,ISP,2.8,Inability to Rate,Good Standing,,,,,,,,,,,,,,,,,,,,,,,,,,,,,,,,,,,,,,,,,,,,,,,,,,,13.2,1,20.72,0,1,15.72,,,,3.8,1,10.72,92.5,4,31.43,Well Organized,5,10.72,99.6,5,10.72,,,,,,,,,,,,,,,,,,,,,,,,,,,,,,,,,,,,,,,,,,,,,,,,,,,,,,,,,,,,,,,,,,,,,,,,,,,,,,,,,,,,,
609749,NORTHSIDE PREP HS,ISP,4.4,Level 1+,Good Standing,75,100,4,3.33,50,99,3,1.67,34,99,2,1.67,64,100,3,1.67,50,100,3,1.67,54,100,3,17.5,,,,,50,100,4,2.5,,,,,,,,,99.6,100,5,10,99.6,5,10,98.8,5,10,0.1,5,5,96,5,5,89.2,5,5,88.6,5,5,95.1,5,10,Well Organized,5,5,98.8,4,5,,,,,,,,,,,,,,,,,,,,,,,,,,,,,,,,,,,,,,,,,,,,,,,,,,,,,,,,,,,,,,,,,,,,,,,,,,,,,,,,,,,,,
609751,KING HS,Network 17,3.7,Level 1,Good Standing,24,100,2,3.33,73,100,4,1.67,29,100,2,1.67,16,100,2,1.67,32,100,2,1.67,26,100,2,17.5,27,100,2,2.5,,,,,,,,,,,,,61.6,100,4,10,89.4,4,10,93.3,5,10,0.9,5,5,85.4,5,5,83.3,4,5,41.7,5,5,91.7,4,10,Moderately Organized,3,5,99.5,5,5,,,,,,,,,,,,,,,,,,,,,,,,,,,,,,,,,,,,,,,,,,,,,,,,,,,,,,,,,,,,,,,,,,,,,,,,,,,,,,,,,,,,,
609753,CHICAGO AGRICULTURE HS,ISP,4,Level 1+,Good Standing,70,100,4,3.33,50,99,3,1.67,5,99,1,1.67,69,100,3,1.67,50,100,3,1.67,59,100,3,17.5,48,100,3,2.5,,,,,,,,,,,,,53.3,100,3,10,94.9,5,10,82.5,4,10,1,5,5,84.2,5,5,82.4,4,5,64.6,5,5,94.9,4,10,Well Organized,5,5,100,5,5,,,,,,,,,,,,,,,,,,,,,,,,,,,,,,,,,,,,,,,,,,,,,,,,,,,,,,,,,,,,,,,,,,,,,,,,,,,,,,,,,,,,,
609754,CHICAGO MILITARY HS,Network 17,3.7,Level 1,Good Standing,60,100,3,3.33,66,100,3,1.67,1,100,1,1.67,95,100,5,1.67,62,100,3,1.67,47,100,3,20,,,,,,,,,,,,,,,,,21.1,100,2,10,81.7,4,10,89,5,10,0.7,5,5,58.9,3,5,66.7,3,5,73,5,5,92.9,4,10,Well Organized,5,5,99.4,5,5,,,,,,,,,,,,,,,,,,,,,,,,,,,,,,,,,,,,,,,,,,,,,,,,,,,,,,,,,,,,,,,,,,,,,,,,,,,,,,,,,,,,,
609756,CURIE HS,Network 15,3,Level 2+,Good Standing,40,95,3,3.33,50,86,1,1.67,29,86,1,1.67,50,99,3,1.67,50,99,3,1.67,22,99,2,12.5,1,99,1,2.5,27,99,2,2.5,,,,,14,99,2,2.5,31.4,93,1,10,80.6,4,10,72,3,10,2.9,4,5,77.1,5,5,72.8,3,5,54.8,5,5,89.7,3,10,Organized,4,5,99.3,5,5,,,,,,,,,,,,,,,,,,,,,,,,,,,,,,,,,,,,,,,,,,,,,,,,,,,,,,,,,,,,,,,,,,,,,,,,,,,,,,,,,,,,,
609759,CLEMENTE HS,Network 15,2.6,Level 2,Provisional Support,22,83,1,3.33,66,74,1,1.67,16,74,1,1.67,66,99,3,1.67,62,99,3,1.67,12,99,2,12.5,7,99,1,2.5,16,100,2,2.5,,,,,16,99,2,2.5,16.3,86,1,10,74.3,3,10,80,4,10,2,5,5,68.1,4,5,42.1,1,5,46,5,5,82.8,2,10,Partially Organized,2,5,100,5,5,,,,,,,,,,,,,,,,,,,,,,,,,,,,,,,,,,,,,,,,,,,,,,,,,,,,,,,,,,,,,,,,,,,,,,,,,,,,,,,,,,,,,
609760,CARVER MILITARY HS,Network 17,4,Level 1+,Good Standing,48,96,3,3.33,81,100,4,1.67,50,100,3,1.67,50,98,3,1.67,63,98,3,1.67,41,98,3,15,24,98,2,2.5,53,100,4,2.5,,,,,,,,,40,98,3,10,93.2,5,10,96.2,5,10,0.8,5,5,67.6,4,5,69.7,3,5,66.7,5,5,92.5,4,10,Well Organized,5,5,99.8,5,5,,,,,,,,,,,,,,,,,,,,,,,,,,,,,,,,,,,,,,,,,,,,,,,,,,,,,,,,,,,,,,,,,,,,,,,,,,,,,,,,,,,,,
609761,CORLISS HS,Network 17,2.2,Level 2,Intensive Support,1,84,1,3.33,83,95,4,1.67,16,95,2,1.67,34,99,2,1.67,50,99,3,1.67,1,99,1,17.5,1,99,1,2.5,,,,,,,,,,,,,4.9,91,1,10,78.5,3,10,60.9,2,10,8.3,1,5,52.6,2,5,58.3,2,5,20,3,5,85.1,3,10,Organized,4,5,99.5,5,5,,,,,,,,,,,,,,,,,,,,,,,,,,,,,,,,,,,,,,,,,,,,,,,,,,,,,,,,,,,,,,,,,,,,,,,,,,,,,,,,,,,,,
609762,JULIAN HS,Network 16,2.6,Level 2,Intensive Support,9,100,1,3.33,82,99,4,1.67,17,99,2,1.67,35,100,2,1.67,37,100,2,1.67,3,100,1,17.5,3,100,1,2.5,,,,,,,,,,,,,5,100,1,10,94.1,5,10,74,3,10,2.7,4,5,46.9,2,5,53.4,1,5,32.2,4,5,81.4,2,10,Well Organized,5,5,100,5,5,,,,,,,,,,,,,,,,,,,,,,,,,,,,,,,,,,,,,,,,,,,,,,,,,,,,,,,,,,,,,,,,,,,,,,,,,,,,,,,,,,,,,
609764,JUAREZ HS,ISP,3,Level 2+,Good Standing,23,92,1,3.33,33,90,1,1.67,5,90,1,1.67,50,97,3,1.67,50,97,3,1.67,11,97,2,17.5,,,,,11,98,2,2.5,,,,,,,,,19.5,93,1,10,86.3,4,10,78.5,4,10,5.2,3,5,62.8,3,5,69.5,3,5,61.1,5,5,87.1,3,10,Well Organized,5,5,99,5,5,,,,,,,,,,,,,,,,,,,,,,,,,,,,,,,,,,,,,,,,,,,,,,,,,,,,,,,,,,,,,,,,,,,,,,,,,,,,,,,,,,,,,
609766,VAUGHN HS,Network 14,3.2,Inability to Rate,Good Standing,,,,,,,,,,,,,,,,,,,,,,,,,,,,,,,,,,,,,,,,,,,,,100,5,17.27,0,1,17.27,2.1,4,8.64,10.8,1,13.64,,,,3.1,1,8.64,91.2,4,17.27,Well Organized,5,8.64,99,5,8.64,,,,,,,,,,,,,,,,,,,,,,,,,,,,,,,,,,,,,,,,,,,,,,,,,,,,,,,,,,,,,,,,,,,,,,,,,,,,,,,,,,,,,
609768,HOPE HS,Network 16,2.5,Level 2,Intensive Support,32,95,2,3.33,82,95,4,1.67,31,95,2,1.67,23,95,2,1.67,50,95,3,1.67,20,95,2,20,,,,,,,,,,,,,,,,,2.6,78,1,10,74.2,3,10,50,1,10,5.4,3,5,67.7,4,5,42.1,1,5,26.7,3,5,88.8,3,10,Well Organized,5,5,99.9,5,5,,,,,,,,,,,,,,,,,,,,,,,,,,,,,,,,,,,,,,,,,,,,,,,,,,,,,,,,,,,,,,,,,,,,,,,,,,,,,,,,,,,,,
609769,GRAHAM HS,Network 14,3.1,Inability to Rate,Good Standing,,,,,,,,,,,,,,,,,,,,,,,,,,,,,,,,,,,,,,,,,,,,,,,,,,,3.8,4,20.72,4.5,1,15.72,,,,0,1,10.72,86.5,3,31.43,Well Organized,5,10.72,99.1,5,10.72,,,,,,,,,,,,,,,,,,,,,,,,,,,,,,,,,,,,,,,,,,,,,,,,,,,,,,,,,,,,,,,,,,,,,,,,,,,,,,,,,,,,,
610244,CLARK HS,Network 15,3,Level 2+,Good Standing,1,100,1,3.33,66,98,3,1.67,31,98,2,1.67,21,100,2,1.67,27,100,2,1.67,1,100,1,17.5,1,100,1,2.5,,,,,,,,,,,,,8.9,99,1,10,89.8,4,10,78.1,4,10,0.8,5,5,78.7,5,5,67.3,3,5,39.2,4,5,92.5,4,10,Organized,4,5,99.4,5,5,,,,,,,,,,,,,,,,,,,,,,,,,,,,,,,,,,,,,,,,,,,,,,,,,,,,,,,,,,,,,,,,,,,,,,,,,,,,,,,,,,,,,
610245,DOUGLASS HS,Network 15,2.6,Level 2,Intensive Support,,,,,83,95,4,2.5,32,95,2,2.5,63,95,3,2.5,50,95,3,2.5,37,95,2,20,,,,,,,,,,,,,,,,,7.4,95,1,10,91.7,5,10,60,2,10,9.1,1,5,32.6,1,5,35,1,5,62.5,5,5,82.5,2,10,Well Organized,5,5,99.9,5,5,,,,,,,,,,,,,,,,,,,,,,,,,,,,,,,,,,,,,,,,,,,,,,,,,,,,,,,,,,,,,,,,,,,,,,,,,,,,,,,,,,,,,
610304,PHOENIX MILITARY HS,ISP,4.2,Level 1+,Good Standing,97,100,5,3.33,83,100,4,1.67,4,100,1,1.67,32,100,2,1.67,34,100,2,1.67,64,100,3,17.5,,,,,66,100,4,2.5,,,,,,,,,47.7,100,3,10,96.7,5,10,94.4,5,10,0.4,5,5,78.8,5,5,75,4,5,93.5,5,5,95.1,5,10,Well Organized,5,5,100,5,5,,,,,,,,,,,,,,,,,,,,,,,,,,,,,,,,,,,,,,,,,,,,,,,,,,,,,,,,,,,,,,,,,,,,,,,,,,,,,,,,,,,,,
610323,BOWEN HS,Network 17,2.1,Level 2,Intensive Support,21,96,2,3.33,50,95,3,1.67,7,95,1,1.67,65,98,3,1.67,27,98,2,1.67,5,98,1,20,,,,,,,,,,,,,,,,,8.6,96,1,10,88.4,4,10,50,1,10,5.4,3,5,35.8,1,5,55.2,2,5,23.6,3,5,83.6,2,10,Organized,4,5,99.2,5,5,,,,,,,,,,,,,,,,,,,,,,,,,,,,,,,,,,,,,,,,,,,,,,,,,,,,,,,,,,,,,,,,,,,,,,,,,,,,,,,,,,,,,
610334,RABY HS,Network 15,2.4,Level 2,Intensive Support,1,95,1,3.33,68,95,3,1.67,16,95,2,1.67,50,99,3,1.67,63,99,3,1.67,3,99,1,17.5,3,99,1,2.5,,,,,,,,,,,,,2.7,97,1,10,76.3,3,10,68.5,3,10,2.2,4,5,48.5,2,5,54.5,1,5,70.6,5,5,84.9,2,10,Well Organized,5,5,99.7,5,5,,,,,,,,,,,,,,,,,,,,,,,,,,,,,,,,,,,,,,,,,,,,,,,,,,,,,,,,,,,,,,,,,,,,,,,,,,,,,,,,,,,,,
610340,CHICAGO ACADEMY HS,AUSL,3.7,Level 1,Good Standing,55,100,3,3.33,50,78,1,1.67,29,78,1,1.67,50,98,3,1.67,50,98,3,1.67,53,98,3,17.5,,,,,56,98,4,2.5,,,,,,,,,41.2,91,1,10,96.2,5,10,79.9,4,10,2,5,5,82.9,5,5,79.5,4,5,40.5,5,5,94,4,10,Organized,4,5,99.9,5,5,,,,,,,,,,,,,,,,,,,,,,,,,,,,,,,,,,,,,,,,,,,,,,,,,,,,,,,,,,,,,,,,,,,,,,,,,,,,,,,,,,,,,
610357,SPRY HS,Network 16,3,Level 2+,Good Standing,68,95,3,3.33,50,98,3,1.67,13,98,2,1.67,50,98,3,1.67,37,98,2,1.67,22,98,2,20,,,,,,,,,,,,,,,,,19,97,1,10,75.7,3,10,75,4,10,3.7,4,5,72.1,4,5,58.3,2,5,37.9,4,5,89.5,3,10,Well Organized,5,5,99.4,5,5,,,,,,,,,,,,,,,,,,,,,,,,,,,,,,,,,,,,,,,,,,,,,,,,,,,,,,,,,,,,,,,,,,,,,,,,,,,,,,,,,,,,,
610380,WILLIAMS HS,Network 17,3.1,Level 2+,Good Standing,11,99,2,3.33,80,98,4,1.67,16,98,2,1.67,50,100,3,1.67,38,100,2,1.67,2,100,1,17.5,2,100,1,2.5,,,,,,,,,,,,,11.1,99,1,10,80.9,4,10,88.8,5,10,1.9,5,5,86.1,5,5,70.8,3,5,33.3,4,5,88,3,10,Well Organized,5,5,99.9,5,5,,,,,,,,,,,,,,,,,,,,,,,,,,,,,,,,,,,,,,,,,,,,,,,,,,,,,,,,,,,,,,,,,,,,,,,,,,,,,,,,,,,,,
610381,BRONZEVILLE HS,Network 17,2.4,Level 2,Intensive Support,7,95,1,3.33,18,95,2,1.67,2,95,1,1.67,64,97,3,1.67,63,97,3,1.67,1,97,1,17.5,1,98,1,2.5,,,,,,,,,,,,,4.9,92,1,10,93.8,5,10,84.4,4,10,4.4,3,5,67.9,4,5,45.5,1,5,8.2,1,5,84.2,2,10,Partially Organized,2,5,99.8,5,5,,,,,,,,,,,,,,,,,,,,,,,,,,,,,,,,,,,,,,,,,,,,,,,,,,,,,,,,,,,,,,,,,,,,,,,,,,,,,,,,,,,,,
610383,SOCIAL JUSTICE HS,Network 15,3.7,Level 1,Good Standing,85,97,4,3.33,80,97,4,1.67,15,97,2,1.67,50,100,3,1.67,62,100,3,1.67,56,100,3,17.5,,,,,61,100,4,2.5,,,,,,,,,16.7,98,1,10,94.4,5,10,86,5,10,1.9,5,5,71.4,4,5,59.4,2,5,39.2,4,5,90.5,4,10,Well Organized,5,5,99.9,5,5,,,,,,,,,,,,,,,,,,,,,,,,,,,,,,,,,,,,,,,,,,,,,,,,,,,,,,,,,,,,,,,,,,,,,,,,,,,,,,,,,,,,,
610384,INFINITY HS,ISP,4.3,Level 1+,Good Standing,98,100,5,3.33,50,99,3,1.67,28,99,2,1.67,33,100,2,1.67,34,100,2,1.67,71,100,4,17.5,,,,,71,100,5,2.5,,,,,,,,,41.6,100,3,10,91.6,5,10,92.5,5,10,0.7,5,5,79.7,5,5,76.5,4,5,55.8,5,5,94.3,4,10,Well Organized,5,5,100,5,5,,,,,,,,,,,,,,,,,,,,,,,,,,,,,,,,,,,,,,,,,,,,,,,,,,,,,,,,,,,,,,,,,,,,,,,,,,,,,,,,,,,,,
610385,MULTICULTURAL HS,Network 15,3.1,Level 2+,Good Standing,22,95,2,3.33,66,95,3,1.67,31,95,2,1.67,78,100,4,1.67,37,100,2,1.67,37,100,2,17.5,,,,,38,100,3,2.5,,,,,,,,,16.7,96,1,10,91.3,5,10,79.2,4,10,9.8,1,5,62.5,3,5,74.1,3,5,54.5,5,5,90.4,4,10,Organized,4,5,99.8,5,5,,,,,,,,,,,,,,,,,,,,,,,,,,,,,,,,,,,,,,,,,,,,,,,,,,,,,,,,,,,,,,,,,,,,,,,,,,,,,,,,,,,,,
610389,ORR HS,AUSL,2.2,Level 2,Intensive Support,8,98,1,3.33,68,95,3,1.67,17,95,2,1.67,50,100,3,1.67,64,100,3,1.67,11,100,2,20,,,,,,,,,,,,,,,,,3.8,97,1,10,84.3,4,10,30.3,1,10,17,1,5,56.4,3,5,46.7,1,5,21.7,3,5,74.4,1,10,Well Organized,5,5,99.7,5,5,,,,,,,,,,,,,,,,,,,,,,,,,,,,,,,,,,,,,,,,,,,,,,,,,,,,,,,,,,,,,,,,,,,,,,,,,,,,,,,,,,,,,
610390,RICKOVER MILITARY HS,ISP,3.9,Level 1,Good Standing,55,100,3,3.33,66,99,3,1.67,50,99,3,1.67,89,100,4,1.67,83,100,4,1.67,47,100,3,17.5,,,,,49,100,3,2.5,,,,,,,,,31.9,99,2,10,97.4,5,10,87.1,5,10,1.3,5,5,75.5,5,5,74.4,3,5,86,5,5,92.5,4,10,Well Organized,5,5,99.9,5,5,,,,,,,,,,,,,,,,,,,,,,,,,,,,,,,,,,,,,,,,,,,,,,,,,,,,,,,,,,,,,,,,,,,,,,,,,,,,,,,,,,,,,
610392,WORLD LANGUAGE HS,Network 15,4.1,Level 1+,Good Standing,83,100,4,3.33,95,99,5,1.67,50,99,3,1.67,50,100,3,1.67,36,100,2,1.67,83,100,4,17.5,,,,,81,100,5,2.5,,,,,,,,,28.1,100,2,10,93.5,5,10,75.4,4,10,1.8,5,5,77,5,5,71.2,3,5,70.4,5,5,92.4,4,10,Well Organized,5,5,100,5,5,,,,,,,,,,,,,,,,,,,,,,,,,,,,,,,,,,,,,,,,,,,,,,,,,,,,,,,,,,,,,,,,,,,,,,,,,,,,,,,,,,,,,
610394,UPLIFT HS,Network 14,2.4,Level 2,Intensive Support,2,97,1,3.33,68,95,3,1.67,36,95,2,1.67,50,95,3,1.67,62,95,3,1.67,7,95,1,17.5,4,96,1,2.5,,,,,,,,,,,,,7.6,92,1,10,69.4,2,10,78,4,10,6.7,2,5,61,3,5,67.4,3,5,44.2,5,5,86.6,3,10,Not Yet Organized,1,5,99.7,5,5,,,,,,,,,,,,,,,,,,,,,,,,,,,,,,,,,,,,,,,,,,,,,,,,,,,,,,,,,,,,,,,,,,,,,,,,,,,,,,,,,,,,,
610402,DEVRY HS,ISP,4.3,Level 1+,Good Standing,,,,,,,,,,,,,50,100,3,15.01,80,100,4,15.01,,,,,,,,,,,,,,,,,,,,,58.3,100,3,10,,,,,,,0.5,5,15,87,5,5,80.5,4,5,100,5,5,96.2,5,20,Well Organized,5,5,100,5,5,,,,,,,,,,,,,,,,,,,,,,,,,,,,,,,,,,,,,,,,,,,,,,,,,,,,,,,,,,,,,,,,,,,,,,,,,,,,,,,,,,,,,
610499,COLLINS HS,AUSL,2.7,Level 2,Intensive Support,15,100,2,3.33,82,97,4,1.67,50,97,3,1.67,35,100,2,1.67,38,100,2,1.67,15,100,2,20,,,,,,,,,,,,,,,,,8.2,99,1,10,86.4,4,10,56.6,2,10,1.6,5,5,54.2,2,5,47.4,1,5,28.2,3,5,86.9,3,10,Well Organized,5,5,99.6,5,5,,,,,,,,,,,,,,,,,,,,,,,,,,,,,,,,,,,,,,,,,,,,,,,,,,,,,,,,,,,,,,,,,,,,,,,,,,,,,,,,,,,,,
610506,TEAM HS,Network 16,1.7,Level 3,Intensive Support,,,,,50,95,3,2.5,17,95,2,2.5,75,100,4,2.5,37,100,2,2.5,3,100,1,20,,,,,,,,,,,,,,,,,4.3,95,1,10,,,,54.4,1,10,8.4,1,10,53.5,2,5,54.5,1,5,27.6,3,5,70.6,1,15,Organized,4,5,99.8,5,5,,,,,,,,,,,,,,,,,,,,,,,,,,,,,,,,,,,,,,,,,,,,,,,,,,,,,,,,,,,,,,,,,,,,,,,,,,,,,,,,,,,,,
610513,AIR FORCE HS,Network 16,3.6,Level 1,Good Standing,57,100,3,3.33,66,97,3,1.67,31,97,2,1.67,79,100,4,1.67,74,100,4,1.67,21,100,2,20,,,,,,,,,,,,,,,,,21.9,99,2,10,90.6,5,10,75.5,4,10,1.3,5,5,68.9,4,5,77.8,4,5,77.8,5,5,92.1,4,10,Organized,4,5,99.4,5,5,,,,,,,,,,,,,,,,,,,,,,,,,,,,,,,,,,,,,,,,,,,,,,,,,,,,,,,,,,,,,,,,,,,,,,,,,,,,,,,,,,,,,
610518,AUSTIN CCA HS,Network 15,2.4,Level 2,Intensive Support,1,99,1,10,68,99,3,5,36,99,2,5,36,100,2,5,63,100,3,5,,,,,,,,,,,,,,,,,,,,,5.4,99,1,10,76.9,3,10,52.9,1,10,4.8,3,5,38.1,1,5,42.6,1,5,54.1,5,5,88.5,3,10,Organized,4,5,99.7,5,5,,,,,,,,,,,,,,,,,,,,,,,,,,,,,,,,,,,,,,,,,,,,,,,,,,,,,,,,,,,,,,,,,,,,,,,,,,,,,,,,,,,,,
610543,SOLORIO HS,AUSL,4.1,Level 1+,Good Standing,95,99,5,3.33,70,99,4,1.67,50,99,3,1.67,32,100,2,1.67,32,100,2,1.67,85,100,4,17.5,,,,,85,100,5,2.5,,,,,,,,,55.5,100,3,10,90.5,5,10,84.4,4,10,3.4,4,5,74.4,4,5,70.2,3,5,63.2,5,5,94.6,4,10,Well Organized,5,5,99.6,5,5,,,,,,,,,,,,,,,,,,,,,,,,,,,,,,,,,,,,,,,,,,,,,,,,,,,,,,,,,,,,,,,,,,,,,,,,,,,,,,,,,,,,,
610547,SOUTH SHORE INTL HS,Network 17,3.3,Level 2+,Good Standing,9,100,1,4.58,92,97,5,2.3,29,97,2,2.3,33,100,2,2.3,37,100,2,2.3,5,100,1,18.75,5,100,1,2.5,,,,,,,,,,,,,34.1,99,2,10,94.6,5,10,94.5,5,10,1.1,5,5,81.7,5,5,68.1,3,5,54.6,5,5,91.8,4,10,Not Enough Data,,,99.9,5,5,,,,,,,,,,,,,,,,,,,,,,,,,,,,,,,,,,,,,,,,,,,,,,,,,,,,,,,,,,,,,,,,,,,,,,,,,,,,,,,,,,,,,
610558,GOODE HS,Network 16,3.4,Level 2+,Good Standing,12,97,2,3.33,80,96,4,1.67,15,96,2,1.67,50,100,3,1.67,63,100,3,1.67,28,100,2,15,13,100,2,2.5,47,100,3,2.5,,,,,,,,,22.3,98,2,10,91.2,5,10,88.3,5,10,0.5,5,5,72.5,4,5,68.3,3,5,52.4,5,5,90.3,4,10,Not Yet Organized,1,5,99.8,5,5,,,,,,,,,,,,,,,,,,,,,,,,,,,,,,,,,,,,,,,,,,,,,,,,,,,,,,,,,,,,,,,,,,,,,,,,,,,,,,,,,,,,,
610561,CRANE MEDICAL HS,Network 15,3.6,Level 1,Good Standing,71,96,4,3.33,80,99,4,1.67,50,99,3,1.67,33,100,2,1.67,50,100,3,1.67,31,100,2,17.5,29,100,2,2.5,,,,,,,,,,,,,31.2,99,2,10,86.3,4,10,86.5,5,10,0.9,5,5,87.5,5,10,,,,34.7,4,5,92.6,4,10,Organized,4,5,99.8,5,5,,,,,,,,,,,,,,,,,,,,,,,,,,,,,,,,,,,,,,,,,,,,,,,,,,,,,,,,,,,,,,,,,,,,,,,,,,,,,,,,,,,,,
610563,BACK OF THE YARDS HS,ISP,4.1,Level 1+,Good Standing,91,100,5,3.33,70,100,4,1.67,13,100,2,1.67,32,100,2,1.67,32,100,2,1.67,63,100,3,17.5,,,,,60,100,4,2.5,,,,,,,,,57.3,100,3,10,100,5,10,96.5,5,10,0.3,5,5,73.3,4,10,,,,62.8,5,5,94.8,4,10,Well Organized,5,5,100,5,5,,,,,,,,,,,,,,,,,,,,,,,,,,,,,,,,,,,,,,,,,,,,,,,,,,,,,,,,,,,,,,,,,,,,,,,,,,,,,,,,,,,,,
610587,DYETT ARTS HS,ISP,3.5,Level 1,Good Standing,25,99,2,17.5,66,97,3,8.76,16,97,2,8.76,,,,,,,,,,,,,,,,,,,,,,,,,,,,,17,98,1,10,96.6,5,20,,,,1.6,5,10,,,,,,,,,,92.6,4,15,Well Organized,5,5,99.9,5,5,,,,,,,,,,,,,,,,,,,,,,,,,,,,,,,,,,,,,,,,,,,,,,,,,,,,,,,,,,,,,,,,,,,,,,,,,,,,,,,,,,,,,
